tagName;className;location['x'];location['y'];isLink;hasCurrencySIgn;hasPercantage;hasNumber;hasPriceInName;innerText[:100]
a;polityka;78;25;True;False;False;False;False;polityce prywatności
a;close;1195;20;True;False;False;False;False;nie pokazuj
a;;319;140;True;False;False;False;False;rejestracja paragonu
a;;447;140;True;False;False;False;False;koszty dostawy
a;;546;140;True;False;False;False;False;status zamówienia
a;;661;140;True;False;False;False;False;leasing
a;;717;140;True;False;False;False;False;raty
a;;758;140;True;False;False;False;False;reklamacje
a;;835;140;True;False;False;False;False;znajdź sklep
a;;917;140;True;False;False;False;False;centrum informacji
a;;1038;140;True;False;False;False;False;poradniki
a;;1106;140;True;False;False;False;False;sprzedaż dla firm
a;;1231;140;True;False;False;False;False;kontakt
div;select3-selected-item;725;175;False;False;False;False;False;telewizory
span;empty;994;169;False;False;False;True;False;0
div;helpline-phone;1056;173;False;False;False;True;False;855 855 855
div;helpline-hours;1056;197;False;False;False;True;False;jutro od 9:00!
div;helpline-info-header;982;228;False;False;False;False;False;
div;;982;250;False;False;False;False;False;
div;helpline-info-phone;982;344;False;False;False;False;False;
span;user-not-logged;1177;177;False;False;False;False;False;witaj, zaloguj się
span;user-account;1177;194;False;False;False;False;False;moje konto
a;selenium-main-category;78;234;True;False;False;False;False;tv, audio i video
a;selenium-main-category;222;234;True;False;False;False;False;agd
a;selenium-main-category;277;234;True;False;False;False;False;agd do zabudowy
a;selenium-main-category;439;234;True;False;False;False;False;agd małe
a;selenium-main-category;533;234;True;False;False;False;False;komputery
a;selenium-main-category;643;234;True;False;False;False;False;gry i konsole
a;selenium-main-category;770;234;True;False;False;False;False;foto i kamery
a;selenium-main-category;897;234;True;False;False;False;False;telefony i zegarki
span;tcenter;1189;240;False;False;False;False;False;promocje
span;;88;402;False;False;False;False;False;sklep rtv euro agd
a;;230;400;True;False;False;False;False;tv, audio i video
span;;354;400;False;False;False;False;False;telewizory
h1;;88;427;False;False;False;False;False;telewizory
div;count;209;427;False;False;False;True;False;(423)
label;;98;487;False;False;False;False;False;sortuj według
div;select3-selected-item;98;512;False;False;False;False;False;popularność
div;filter-name js-filter-name;93;585;False;False;False;False;False;cena
span;filter-price-range;175;622;False;False;False;False;True;-
a;selenium-lp-filter-price-button;275;620;True;False;False;False;True;ok
div;filter-name js-filter-name;93;686;False;False;False;False;False;raty
a;link ;123;726;True;False;True;True;False;raty 50x0%
em;;187;726;False;False;False;True;False;(377)
a;link ;123;754;True;False;True;True;False;raty 40x0%
em;;187;754;False;False;False;True;False;(399)
a;link ;123;782;True;False;True;True;False;raty 30x0%
em;;187;782;False;False;False;True;False;(407)
a;link ;123;810;True;False;True;True;False;raty 20x0%
em;;187;810;False;False;False;True;False;(410)
a;link ;123;838;True;False;True;True;False;raty 10x0%
em;;187;838;False;False;False;True;False;(422)
a;link ;123;866;True;False;False;False;False;dobre raty
em;;185;866;False;False;False;True;False;(15)
div;filter-name js-filter-name;93;925;False;False;False;False;False;marka
a;link ;123;964;True;False;False;False;False;samsung
em;;172;964;False;False;False;True;False;(72)
a;link ;123;992;True;False;False;False;False;lg
em;;140;992;False;False;False;True;False;(75)
a;link ;123;1020;True;False;False;False;False;sony
em;;151;1020;False;False;False;True;False;(65)
a;link ;123;1048;True;False;False;False;False;philips
em;;160;1048;False;False;False;True;False;(59)
a;link ;123;1076;True;False;False;False;False;panasonic
em;;179;1076;False;False;False;True;False;(29)
a;link ;123;1104;True;False;False;False;False;sharp
em;;156;1104;False;False;False;True;False;(23)
span;;124;1128;False;False;False;False;False;pokaż wszystkie
div;filter-name js-filter-name;93;1184;False;False;False;False;False;ocena klientów
em;;210;1224;False;False;False;True;False;(314)
em;;210;1252;False;False;False;True;False;(25)
em;;210;1280;False;False;False;True;False;(7)
em;;210;1308;False;False;False;True;False;(3)
span;;124;1331;False;False;False;False;False;pokaż wszystkie
div;filter-name js-filter-name;93;1387;False;False;False;False;False;dostępność
a;link ;123;1426;True;False;False;False;False;dostępne natychmiast
em;;240;1426;False;False;False;True;False;(180)
a;link ;123;1454;True;False;False;False;False;dostępne w sklepach
em;;233;1454;False;False;False;True;False;(192)
div;filter-name js-filter-name;93;2252;False;False;False;False;False;komunikacja dodatkowa
div;filter-name js-filter-name;93;2662;False;False;False;False;False;kolor
div;filter-name js-filter-name;93;2954;False;False;False;False;False;status
a;link ;123;2994;True;False;False;False;False;nowości
em;;169;2994;False;False;False;True;False;(27)
a;link ;123;3022;True;False;False;False;False;promocje
em;;176;3022;False;False;False;True;False;(23)
div;filter-name js-filter-name;93;3081;False;False;False;False;False;outlet
a;link ;123;3120;True;False;False;False;False;stan doskonały
em;;204;3120;False;False;False;True;False;(94)
a;link ;123;3148;True;False;False;False;False;stan dobry
em;;181;3148;False;False;False;True;False;(97)
div;filter-name js-filter-name;93;3208;False;False;False;False;False;promocja
a;link ;123;3248;True;False;True;True;False;soundbary 30% taniej w zestawie z lg tv!
em;;123;3266;False;False;False;True;False;(75)
a;link ;123;3292;True;True;False;True;False;soundbar za 1 zł w zestawie z tv samsung ue58ru7102k!
em;;212;3310;False;False;False;True;False;(1)
a;link ;123;3336;True;False;False;True;False;konsola xbox one s w zestawie z tv philips 55oled803!
em;;196;3354;False;False;False;True;False;(1)
a;link ;123;3380;True;False;True;True;False;soundbary 20% taniej w zestawie z tv sony!
em;;123;3398;False;False;False;True;False;(9)
a;link ;123;3424;True;False;False;True;False;hbo go na 3 miesiące w prezencie przy zakupie samsung tv!
em;;236;3442;False;False;False;True;False;(15)
a;link ;123;3468;True;False;False;False;False;odbierz smartfon przy zakupie lg oled tv!
em;;178;3486;False;False;False;True;False;(3)
a;js-filter-notify;103;3533;True;False;False;False;False;brakuje ci opcji przeglądania? zgłoś!
div;filtr_title;394;552;False;False;False;False;False;oled
div;filtr_opis;394;567;False;False;False;False;False;cienki smukły ekran, najwyższy kontrast, doskonała czerń
div;filtr_title;568;552;False;False;False;False;False;qled
div;filtr_opis;568;567;False;False;False;False;False;miliard wyświetlanych kolorów, dynamiczny obraz w najwyższej jakości
div;filtr_title;742;552;False;False;False;False;False;smart tv
div;filtr_opis;742;567;False;False;False;False;False;połączenie z internetem, aplikacje internetowe (np. netflix, youtube)
div;filtr_title;916;552;False;False;False;False;False;dla gracza
div;filtr_opis;916;567;False;False;False;False;False;wysoka dynamika obrazu, idealny do podłączenia konsoli
div;filtr_title;1090;552;False;False;False;False;False;do oglądania sportu
div;filtr_opis;1090;567;False;False;False;False;False;widoczne każde detale, niezwykle płynny obraz
a;js-save-keyword selenium-lp-product-link;409;664;True;False;False;True;False;samsung ue65ru8002u
em;;498;695;False;False;False;True;False;(3 opinie)
a;;560;697;True;False;False;False;False;telewizor led
a;product-brand;635;697;True;False;False;False;False;samsung
span;product-status promocja;393;727;False;False;False;False;False;promocja
a;energy-card js-energy-card;786;727;True;False;False;False;False;karta produktu
a;js-dictionary;679;830;True;False;False;False;False;ekran
span;attribute-value;715;830;False;False;False;True;False;65 cali, 4k uhd, 3840 x 2160
a;js-dictionary;679;850;True;False;False;False;False;smart tv
span;attribute-value;732;850;False;False;False;False;False;tak
a;js-dictionary;679;870;True;False;False;False;False;częstotliwość odświeżania ekranu
span;attribute-value;863;870;False;False;False;True;False;100 hz
span;attribute-name;679;890;False;False;False;False;False;funkcje
a;fancydict;726;890;True;False;False;False;False;hdr
a;fancydict;757;890;True;False;False;False;False;smart
a;fancydict;794;890;True;False;False;False;False;wi-fi
a;fancydict;829;890;True;False;False;False;False;dlna
a;fancydict;867;890;True;False;False;False;False;usb - multimedia
a;fancydict;679;905;True;False;False;False;False;bluetooth
a;fancydict;739;905;True;False;False;False;False;obsługa głosowa
a;fancydict;832;905;True;False;False;True;False;hdmi x4
a;fancydict;885;905;True;False;False;True;False;usb x2
a;depositories-button js-depositories;627;988;True;False;False;False;False;obejrzyj w sklepie
a;call-button js-call;772;987;True;False;False;False;False;zadzwoń i zamów
div;price-normal selenium-price-normal;1032;656;False;True;False;True;True;4 599 zł
div;price-old;1099;714;False;True;False;True;True;4 899 zł
div;price-promotion-date;1032;731;False;False;False;True;True;cena obowiązuje: 16.08.2019 - 29.08.2019
span;price-instalments-label;1062;767;False;False;False;False;True;raty:
a;price-instalments selenium-price-instalments js-scroll-by-hash;1115;767;True;True;True;True;True;114,97 zł x 40 rat 0%
a;;1032;872;True;False;False;False;False;darmowy transport
a;shop-delivery-action js-shop-delivery;1032;897;True;False;False;False;False;do odbioru: już jutro!
span;;1054;923;False;False;False;False;False;do domu:
button;add-to-cart add-to-cart-big btn-type-add_to_cart js-add-to-cart selenium-add_to_cart-button;1032;950;False;False;False;False;False;do koszyka
a;js-save-keyword selenium-lp-product-link;409;1045;True;False;False;True;False;philips 55pus7334/12
em;;498;1076;False;False;False;True;False;(6 opinii)
a;;557;1078;True;False;False;False;False;telewizor led
a;product-brand;632;1078;True;False;False;False;False;philips
span;product-status nowosc;393;1108;False;False;False;False;False;nowość
a;energy-card js-energy-card;786;1108;True;False;False;False;False;karta produktu
a;js-dictionary;679;1211;True;False;False;False;False;ekran
span;attribute-value;715;1211;False;False;False;True;False;55 cali, 4k uhd, 3840 x 2160
a;js-dictionary;679;1231;True;False;False;False;False;smart tv
span;attribute-value;732;1231;False;False;False;False;False;tak
a;js-dictionary;679;1251;True;False;False;False;False;częstotliwość odświeżania ekranu
span;attribute-value;863;1251;False;False;False;True;False;50 hz
span;attribute-name;679;1271;False;False;False;False;False;funkcje
a;fancydict;726;1271;True;False;False;False;False;hdr
a;fancydict;757;1271;True;False;False;False;False;android tv
a;fancydict;824;1271;True;False;False;False;False;smart
a;fancydict;861;1271;True;False;False;False;False;wi-fi
a;fancydict;896;1271;True;False;False;False;False;usb - multimedia
a;fancydict;679;1286;True;False;False;False;False;usb - nagrywanie
a;fancydict;776;1286;True;False;False;False;False;bluetooth
a;fancydict;836;1286;True;False;False;False;False;obsługa głosowa
a;fancydict;929;1286;True;False;False;False;False;ambilight
a;fancydict;679;1301;True;False;False;True;False;hdmi x4
a;fancydict;732;1301;True;False;False;True;False;usb x2
div;name;695;1343;False;False;False;False;False;ekran:
div;value;740;1343;False;False;False;True;False;55 cali
a;
											variant-item
											js-variant-item
											 variant-one
											;685;1377;True;False;False;False;False;
a;
											variant-item
											js-variant-item
											 variant-one
											;685;1414;True;False;False;False;False;
a;
											variant-item
											js-variant-item
											 active-item variant-one
											;685;1451;True;False;False;False;False;
a;depositories-button js-depositories;627;1380;True;False;False;False;False;obejrzyj w sklepie
a;call-button js-call;772;1379;True;False;False;False;False;zadzwoń i zamów
div;price-normal selenium-price-normal;1032;1037;False;True;False;True;True;3 399 zł
span;price-instalments-label;1070;1107;False;False;False;False;True;raty:
a;price-instalments selenium-price-instalments js-scroll-by-hash;1123;1107;True;True;True;True;True;67,98 zł x 50 rat 0%
a;;1032;1212;True;False;False;False;False;wejdź do sklepu philips!
a;;1032;1232;True;False;False;False;False;darmowy transport
a;shop-delivery-action js-shop-delivery;1032;1257;True;False;False;False;False;do odbioru: już jutro!
span;;1054;1283;False;False;False;False;False;do domu:
button;add-to-cart add-to-cart-big btn-type-add_to_cart js-add-to-cart selenium-add_to_cart-button;1032;1310;False;False;False;False;False;do koszyka
a;js-save-keyword selenium-lp-product-link;409;1437;True;False;False;True;False;samsung qled qe65q67rat
em;;498;1468;False;False;False;True;False;(109 opinii)
a;;571;1470;True;False;False;False;False;telewizor qled
a;product-brand;656;1470;True;False;False;False;False;samsung
a;energy-card js-energy-card;786;1500;True;False;False;False;False;karta produktu
a;js-dictionary;679;1603;True;False;False;False;False;ekran
span;attribute-value;715;1603;False;False;False;True;False;65 cali, 4k uhd, 3840 x 2160
a;js-dictionary;679;1623;True;False;False;False;False;smart tv
span;attribute-value;732;1623;False;False;False;False;False;tak
span;attribute-name;679;1643;False;False;False;False;False;funkcje
a;fancydict;726;1643;True;False;False;False;False;hdr
a;fancydict;757;1643;True;False;False;False;False;smart
a;fancydict;794;1643;True;False;False;False;False;wi-fi
a;fancydict;829;1643;True;False;False;False;False;dlna
a;fancydict;867;1643;True;False;False;False;False;usb - multimedia
a;fancydict;679;1643;True;False;False;False;False;usb - nagrywanie
a;fancydict;745;1658;True;False;False;False;False;bluetooth
a;fancydict;805;1658;True;False;False;False;False;obsługa głosowa
a;fancydict;898;1658;True;False;False;True;False;hdmi x4
a;fancydict;951;1658;True;False;False;True;False;usb x2
div;name;695;1700;False;False;False;False;False;ekran:
div;value;740;1700;False;False;False;True;False;65 cali
a;
											variant-item
											js-variant-item
											 variant-one
											;685;1734;True;False;False;False;False;
a;
											variant-item
											js-variant-item
											 variant-one
											;685;1771;True;False;False;False;False;
a;
											variant-item
											js-variant-item
											 active-item variant-one
											;685;1808;True;False;False;False;False;
a;depositories-button js-depositories;627;1737;True;False;False;False;False;obejrzyj w sklepie
a;call-button js-call;772;1736;True;False;False;False;False;zadzwoń i zamów
div;price-normal selenium-price-normal;1032;1429;False;True;False;True;True;5 299 zł
span;price-instalments-label;1062;1499;False;False;False;False;True;raty:
a;price-instalments selenium-price-instalments js-scroll-by-hash;1115;1499;True;True;True;True;True;132,47 zł x 40 rat 0%
a;;1032;1604;True;False;False;False;False;darmowy transport
a;shop-delivery-action js-shop-delivery;1032;1629;True;False;False;False;False;do odbioru: już jutro!
span;;1054;1655;False;False;False;False;False;do domu:
button;add-to-cart add-to-cart-big btn-type-add_to_cart js-add-to-cart selenium-add_to_cart-button;1032;1682;False;False;False;False;False;do koszyka
a;js-save-keyword selenium-lp-product-link;409;1794;True;False;False;True;False;samsung ue40nu7112k
em;;498;1825;False;False;False;True;False;(31 opinii)
a;;564;1827;True;False;False;False;False;telewizor led
a;product-brand;639;1827;True;False;False;False;False;samsung
a;energy-card js-energy-card;786;1857;True;False;False;False;False;karta produktu
a;js-dictionary;679;1960;True;False;False;False;False;ekran
span;attribute-value;715;1960;False;False;False;True;False;40 cali, 4k uhd, 3840 x 2160
a;js-dictionary;679;1980;True;False;False;False;False;smart tv
span;attribute-value;732;1980;False;False;False;False;False;tak
a;js-dictionary;679;2000;True;False;False;False;False;częstotliwość odświeżania ekranu
span;attribute-value;863;2000;False;False;False;True;False;50 hz
span;attribute-name;679;2020;False;False;False;False;False;funkcje
a;fancydict;726;2020;True;False;False;False;False;hdr
a;fancydict;757;2020;True;False;False;False;False;smart
a;fancydict;794;2020;True;False;False;False;False;wi-fi
a;fancydict;829;2020;True;False;False;False;False;dlna
a;fancydict;867;2020;True;False;False;False;False;usb - multimedia
a;fancydict;679;2020;True;False;False;True;False;hdmi x3
a;fancydict;697;2035;True;False;False;True;False;usb x2
a;depositories-button js-depositories;627;2113;True;False;False;False;False;obejrzyj w sklepie
a;call-button js-call;772;2112;True;False;False;False;False;zadzwoń i zamów
span;tab-price;1165;1796;False;True;False;True;True;- 1 425 zł
div;price-normal selenium-price-normal;1032;1822;False;True;False;True;True;1 499 zł
span;price-instalments-label;1070;1892;False;False;False;False;True;raty:
a;price-instalments selenium-price-instalments js-scroll-by-hash;1123;1892;True;True;True;True;True;29,98 zł x 50 rat 0%
a;;1032;1997;True;False;False;False;False;darmowy transport
a;shop-delivery-action js-shop-delivery;1032;2022;True;False;False;False;False;do odbioru: już jutro!
span;;1054;2048;False;False;False;False;False;do domu:
button;add-to-cart add-to-cart-big btn-type-add_to_cart js-add-to-cart selenium-add_to_cart-button;1032;2076;False;False;False;False;False;do koszyka
a;js-save-keyword selenium-lp-product-link;409;2169;True;False;False;True;False;samsung qled qe55q67rat
em;;498;2200;False;False;False;True;False;(104 opinie)
a;;574;2202;True;False;False;False;False;telewizor qled
a;product-brand;659;2202;True;False;False;False;False;samsung
a;energy-card js-energy-card;786;2232;True;False;False;False;False;karta produktu
a;js-dictionary;679;2335;True;False;False;False;False;ekran
span;attribute-value;715;2335;False;False;False;True;False;55 cali, 4k uhd, 3840 x 2160
a;js-dictionary;679;2355;True;False;False;False;False;smart tv
span;attribute-value;732;2355;False;False;False;False;False;tak
span;attribute-name;679;2375;False;False;False;False;False;funkcje
a;fancydict;726;2375;True;False;False;False;False;hdr
a;fancydict;757;2375;True;False;False;False;False;smart
a;fancydict;794;2375;True;False;False;False;False;wi-fi
a;fancydict;829;2375;True;False;False;False;False;dlna
a;fancydict;867;2375;True;False;False;False;False;usb - multimedia
a;fancydict;679;2375;True;False;False;False;False;usb - nagrywanie
a;fancydict;745;2390;True;False;False;False;False;bluetooth
a;fancydict;805;2390;True;False;False;False;False;obsługa głosowa
a;fancydict;898;2390;True;False;False;True;False;hdmi x4
a;fancydict;951;2390;True;False;False;True;False;usb x2
div;name;695;2432;False;False;False;False;False;ekran:
div;value;740;2432;False;False;False;True;False;55 cali
a;
											variant-item
											js-variant-item
											 variant-one
											;685;2466;True;False;False;False;False;
a;
											variant-item
											js-variant-item
											 active-item variant-one
											;685;2503;True;False;False;False;False;
a;
											variant-item
											js-variant-item
											 variant-one
											;685;2540;True;False;False;False;False;
a;depositories-button js-depositories;627;2469;True;False;False;False;False;obejrzyj w sklepie
a;call-button js-call;772;2468;True;False;False;False;False;zadzwoń i zamów
div;price-normal selenium-price-normal;1033;2160;False;True;False;True;True;3 999 zł
span;price-instalments-label;1072;2230;False;False;False;False;True;raty:
a;price-instalments selenium-price-instalments js-scroll-by-hash;1125;2230;True;True;True;True;True;79,98 zł x 50 rat 0%
a;;1033;2335;True;False;False;False;False;darmowy transport
a;shop-delivery-action js-shop-delivery;1033;2360;True;False;False;False;False;do odbioru: już jutro!
span;;1055;2386;False;False;False;False;False;do domu:
button;add-to-cart add-to-cart-big btn-type-add_to_cart js-add-to-cart selenium-add_to_cart-button;1033;2413;False;False;False;False;False;do koszyka
a;js-save-keyword selenium-lp-product-link;409;2524;True;False;False;True;False;lg oled77w9
a;;510;2557;True;False;False;False;False;telewizor oled
a;product-brand;595;2557;True;False;False;False;False;lg
a;energy-card js-energy-card;786;2587;True;False;False;False;False;karta produktu
a;js-dictionary;679;2690;True;False;False;False;False;ekran
span;attribute-value;715;2690;False;False;False;True;False;77 cali, 4k uhd, 3840 x 2160
a;js-dictionary;679;2710;True;False;False;False;False;smart tv
span;attribute-value;732;2710;False;False;False;False;False;tak
a;js-dictionary;679;2730;True;False;False;False;False;częstotliwość odświeżania ekranu
span;attribute-value;863;2730;False;False;False;True;False;100 hz
span;attribute-name;679;2750;False;False;False;False;False;funkcje
a;fancydict;726;2750;True;False;False;False;False;hdr
a;fancydict;757;2750;True;False;False;False;False;smart
a;fancydict;794;2750;True;False;False;False;False;wi-fi
a;fancydict;829;2750;True;False;False;False;False;usb - multimedia
a;fancydict;679;2750;True;False;False;False;False;usb - nagrywanie
a;fancydict;745;2765;True;False;False;False;False;timeshift
a;fancydict;801;2765;True;False;False;False;False;bluetooth
a;fancydict;861;2765;True;False;False;False;False;obsługa głosowa
a;fancydict;679;2765;True;False;False;True;False;hdmi x4
a;fancydict;697;2780;True;False;False;True;False;usb x3
a;depositories-button js-depositories;627;2822;True;False;False;False;False;obejrzyj w sklepie
a;call-button js-call;772;2821;True;False;False;False;False;zadzwoń i zamów
div;price-normal selenium-price-normal;1033;2515;False;True;False;True;True;54 999 zł
a;;1033;2652;True;False;False;False;False;darmowy transport
a;shop-delivery-action js-shop-delivery;1033;2677;True;False;False;False;False;do odbioru: już jutro!
span;;1055;2703;False;False;False;False;False;do domu:
button;add-to-cart add-to-cart-big btn-type-add_to_cart js-add-to-cart selenium-add_to_cart-button;1033;2730;False;False;False;False;False;do koszyka
a;js-save-keyword selenium-lp-product-link;409;2877;True;False;False;True;False;lin 32d1700
em;;498;2908;False;False;False;True;False;(223 opinie)
a;;574;2910;True;False;False;False;False;telewizor led
a;product-brand;649;2910;True;False;False;False;False;lin
a;energy-card js-energy-card;786;2940;True;False;False;False;False;karta produktu
a;js-dictionary;679;2985;True;False;False;False;False;ekran
span;attribute-value;715;2985;False;False;False;True;False;32 cale, hd ready, 1366 x 768
a;js-dictionary;679;3005;True;False;False;False;False;smart tv
span;attribute-value;732;3005;False;False;False;False;False;tak
a;js-dictionary;679;3025;True;False;False;False;False;częstotliwość odświeżania ekranu
span;attribute-value;863;3025;False;False;False;True;False;50 hz
span;attribute-name;679;3045;False;False;False;False;False;funkcje
a;fancydict;726;3045;True;False;False;False;False;smart
a;fancydict;763;3045;True;False;False;False;False;wi-fi
a;fancydict;798;3045;True;False;False;False;False;dlna
a;fancydict;836;3045;True;False;False;False;False;usb - multimedia
a;fancydict;932;3045;True;False;False;True;False;hdmi x2
a;fancydict;679;3060;True;False;False;True;False;usb x2
a;depositories-button js-depositories;627;3175;True;False;False;False;False;obejrzyj w sklepie
a;call-button js-call;772;3174;True;False;False;False;False;zadzwoń i zamów
div;price-normal selenium-price-normal;1033;2868;False;True;False;True;True;649 zł
span;price-instalments-label;1072;2938;False;False;False;False;True;raty:
a;price-instalments selenium-price-instalments js-scroll-by-hash;1125;2938;True;True;True;True;True;12,98 zł x 50 rat 0%
a;;1033;3043;True;False;False;False;False;darmowy transport
a;shop-delivery-action js-shop-delivery;1033;3068;True;False;False;False;False;do odbioru: już jutro!
span;;1055;3094;False;False;False;False;False;do domu:
button;add-to-cart add-to-cart-big btn-type-add_to_cart js-add-to-cart selenium-add_to_cart-button;1033;3121;False;False;False;False;False;do koszyka
a;js-save-keyword selenium-lp-product-link;409;3230;True;False;False;True;False;manta 22lfn38l
em;;498;3261;False;False;False;True;False;(5 opinii)
a;;557;3263;True;False;False;False;False;telewizor led
a;product-brand;632;3263;True;False;False;False;False;manta
a;js-dictionary;679;3338;True;False;False;False;False;ekran
span;attribute-value;715;3338;False;False;False;True;False;22 cale, full hd, 1920 x 1080
a;js-dictionary;679;3358;True;False;False;False;False;częstotliwość odświeżania ekranu
span;attribute-value;863;3358;False;False;False;True;False;50 hz
span;attribute-name;679;3378;False;False;False;False;False;funkcje
a;fancydict;726;3378;True;False;False;False;False;usb - multimedia
a;fancydict;822;3378;True;False;False;True;False;hdmi x1
a;fancydict;875;3378;True;False;False;True;False;usb x1
div;name;695;3420;False;False;False;False;False;ekran:
div;value;740;3420;False;False;False;True;False;22 cale
a;
											variant-item
											js-variant-item
											 active-item variant-one
											;685;3454;True;False;False;False;False;
a;
											variant-item
											js-variant-item
											 variant-one
											;685;3491;True;False;False;False;False;
a;depositories-button js-depositories;627;3528;True;False;False;False;False;obejrzyj w sklepie
a;call-button js-call;772;3527;True;False;False;False;False;zadzwoń i zamów
div;price-normal selenium-price-normal;1033;3221;False;True;False;True;True;359 zł
span;price-instalments-label;1080;3291;False;False;False;False;True;raty:
a;price-instalments selenium-price-instalments js-scroll-by-hash;1133;3291;True;True;True;True;True;7,18 zł x 50 rat 0%
a;;1033;3396;True;False;False;False;False;darmowy transport
a;shop-delivery-action js-shop-delivery;1033;3421;True;False;False;False;False;do odbioru: już jutro!
span;;1055;3447;False;False;False;False;False;do domu:
button;add-to-cart add-to-cart-big btn-type-add_to_cart js-add-to-cart selenium-add_to_cart-button;1033;3474;False;False;False;False;False;do koszyka
a;js-save-keyword selenium-lp-product-link;409;3583;True;False;False;True;False;samsung ue50ru7472u
em;;498;3614;False;False;False;True;False;(41 opinii)
a;;564;3616;True;False;False;False;False;telewizor led
a;product-brand;639;3616;True;False;False;False;False;samsung
a;energy-card js-energy-card;786;3646;True;False;False;False;False;karta produktu
a;js-dictionary;679;3749;True;False;False;False;False;ekran
span;attribute-value;715;3749;False;False;False;True;False;50 cali, 4k uhd, 3840 x 2160
a;js-dictionary;679;3769;True;False;False;False;False;smart tv
span;attribute-value;732;3769;False;False;False;False;False;tak
a;js-dictionary;679;3789;True;False;False;False;False;częstotliwość odświeżania ekranu
span;attribute-value;863;3789;False;False;False;True;False;50 hz
span;attribute-name;679;3809;False;False;False;False;False;funkcje
a;fancydict;726;3809;True;False;False;False;False;hdr
a;fancydict;757;3809;True;False;False;False;False;smart
a;fancydict;794;3809;True;False;False;False;False;wi-fi
a;fancydict;829;3809;True;False;False;False;False;dlna
a;fancydict;867;3809;True;False;False;False;False;usb - multimedia
a;fancydict;679;3824;True;False;False;False;False;bluetooth
a;fancydict;739;3824;True;False;False;False;False;obsługa głosowa
a;fancydict;832;3824;True;False;False;True;False;hdmi x3
a;fancydict;885;3824;True;False;False;True;False;usb x2
div;name;695;3866;False;False;False;False;False;ekran:
div;value;740;3866;False;False;False;True;False;50 cali
a;
											variant-item
											js-variant-item
											 variant-one
											;685;3900;True;False;False;False;False;
a;
											variant-item
											js-variant-item
											 active-item variant-one
											;685;3937;True;False;False;False;False;
a;
											variant-item
											js-variant-item
											 variant-one
											;685;3974;True;False;False;False;False;
a;
											variant-item
											js-variant-item
											 variant-one
											;685;4011;True;False;False;False;False;
a;depositories-button js-depositories;627;3903;True;False;False;False;False;obejrzyj w sklepie
a;call-button js-call;772;3902;True;False;False;False;False;zadzwoń i zamów
div;price-normal selenium-price-normal;1033;3574;False;True;False;True;True;2 599 zł
span;price-instalments-label;1072;3644;False;False;False;False;True;raty:
a;price-instalments selenium-price-instalments js-scroll-by-hash;1125;3644;True;True;True;True;True;51,98 zł x 50 rat 0%
a;;1033;3749;True;False;False;False;False;darmowy transport
a;shop-delivery-action js-shop-delivery;1033;3774;True;False;False;False;False;do odbioru: już jutro!
span;;1055;3800;False;False;False;False;False;do domu:
button;add-to-cart add-to-cart-big btn-type-add_to_cart js-add-to-cart selenium-add_to_cart-button;1033;3827;False;False;False;False;False;do koszyka
a;js-save-keyword selenium-lp-product-link;409;3958;True;False;False;True;False;lin 32lhd1510
em;;498;3989;False;False;False;True;False;(340 opinii)
a;;571;3991;True;False;False;False;False;telewizor led
a;product-brand;646;3991;True;False;False;False;False;lin
a;energy-card js-energy-card;786;4021;True;False;False;False;False;karta produktu
a;js-dictionary;679;4066;True;False;False;False;False;ekran
span;attribute-value;715;4066;False;False;False;True;False;32 cale, hd ready, 1366 x 768
a;js-dictionary;679;4086;True;False;False;False;False;częstotliwość odświeżania ekranu
span;attribute-value;863;4086;False;False;False;True;False;50 hz
span;attribute-name;679;4106;False;False;False;False;False;funkcje
a;fancydict;726;4106;True;False;False;False;False;usb - multimedia
a;fancydict;822;4106;True;False;False;True;False;hdmi x2
a;fancydict;875;4106;True;False;False;True;False;usb x2
a;depositories-button js-depositories;627;4256;True;False;False;False;False;obejrzyj w sklepie
a;call-button js-call;772;4255;True;False;False;False;False;zadzwoń i zamów
div;price-normal selenium-price-normal;1033;3949;False;True;False;True;True;499 zł
span;price-instalments-label;1080;4019;False;False;False;False;True;raty:
a;price-instalments selenium-price-instalments js-scroll-by-hash;1133;4019;True;True;True;True;True;9,98 zł x 50 rat 0%
a;;1033;4124;True;False;False;False;False;darmowy transport
a;shop-delivery-action js-shop-delivery;1033;4149;True;False;False;False;False;do odbioru: już jutro!
span;;1055;4175;False;False;False;False;False;do domu:
button;add-to-cart add-to-cart-big btn-type-add_to_cart js-add-to-cart selenium-add_to_cart-button;1033;4202;False;False;False;False;False;do koszyka
a;js-save-keyword selenium-lp-product-link;409;4311;True;False;False;True;False;philips 32pfs5823/12
em;;498;4342;False;False;False;True;False;(183 opinie)
a;;574;4344;True;False;False;False;False;telewizor led
a;product-brand;649;4344;True;False;False;False;False;philips
a;energy-card js-energy-card;786;4374;True;False;False;False;False;karta produktu
a;js-dictionary;679;4419;True;False;False;False;False;ekran
span;attribute-value;715;4419;False;False;False;True;False;32 cale, full hd, 1920 x 1080
a;js-dictionary;679;4439;True;False;False;False;False;smart tv
span;attribute-value;732;4439;False;False;False;False;False;tak
a;js-dictionary;679;4459;True;False;False;False;False;częstotliwość odświeżania ekranu
span;attribute-value;863;4459;False;False;False;True;False;50 hz
span;attribute-name;679;4479;False;False;False;False;False;funkcje
a;fancydict;726;4479;True;False;False;False;False;smart
a;fancydict;763;4479;True;False;False;False;False;wi-fi
a;fancydict;798;4479;True;False;False;False;False;usb - multimedia
a;fancydict;894;4479;True;False;False;False;False;usb - nagrywanie
a;fancydict;679;4494;True;False;False;True;False;hdmi x2
a;fancydict;732;4494;True;False;False;True;False;usb x2
div;name;695;4536;False;False;False;False;False;ekran:
div;value;740;4536;False;False;False;True;False;32 cale
a;
											variant-item
											js-variant-item
											 active-item variant-one
											;685;4570;True;False;False;False;False;
a;
											variant-item
											js-variant-item
											 variant-one
											;685;4607;True;False;False;False;False;
a;
											variant-item
											js-variant-item
											 variant-one
											;685;4644;True;False;False;False;False;
a;depositories-button js-depositories;627;4648;True;False;False;False;False;obejrzyj w sklepie
a;call-button js-call;772;4647;True;False;False;False;False;zadzwoń i zamów
span;tab-price;1156;4312;False;True;False;True;True;od  945 zł
div;price-normal selenium-price-normal;1033;4338;False;True;False;True;True;1 049 zł
span;price-instalments-label;1072;4408;False;False;False;False;True;raty:
a;price-instalments selenium-price-instalments js-scroll-by-hash;1125;4408;True;True;True;True;True;26,22 zł x 40 rat 0%
a;;1033;4514;True;False;False;False;False;wejdź do sklepu philips!
a;;1033;4534;True;False;False;False;False;darmowy transport
a;shop-delivery-action js-shop-delivery;1033;4558;True;False;False;False;False;do odbioru: już jutro!
span;;1055;4584;False;False;False;False;False;do domu:
button;add-to-cart add-to-cart-big btn-type-add_to_cart js-add-to-cart selenium-add_to_cart-button;1033;4612;False;False;False;False;False;do koszyka
a;js-save-keyword selenium-lp-product-link;409;4703;True;False;False;True;False;toshiba 55t6863dg
em;;498;4734;False;False;False;True;False;(74 opinie)
a;;567;4736;True;False;False;False;False;telewizor led
a;product-brand;642;4736;True;False;False;False;False;toshiba
a;energy-card js-energy-card;786;4766;True;False;False;False;False;karta produktu
a;js-dictionary;679;4869;True;False;False;False;False;ekran
span;attribute-value;715;4869;False;False;False;True;False;55 cali, 4k uhd, 3840 x 2160
a;js-dictionary;679;4889;True;False;False;False;False;smart tv
span;attribute-value;732;4889;False;False;False;False;False;tak
a;js-dictionary;679;4909;True;False;False;False;False;częstotliwość odświeżania ekranu
span;attribute-value;863;4909;False;False;False;True;False;50 hz
span;attribute-name;679;4929;False;False;False;False;False;funkcje
a;fancydict;726;4929;True;False;False;False;False;hdr
a;fancydict;757;4929;True;False;False;False;False;smart
a;fancydict;794;4929;True;False;False;False;False;wi-fi
a;fancydict;829;4929;True;False;False;False;False;usb - multimedia
a;fancydict;679;4929;True;False;False;False;False;usb - nagrywanie
a;fancydict;745;4944;True;False;False;False;False;bluetooth
a;fancydict;805;4944;True;False;False;True;False;hdmi x3
a;fancydict;858;4944;True;False;False;True;False;usb x2
div;name;695;4986;False;False;False;False;False;ekran:
div;value;740;4986;False;False;False;True;False;55 cali
a;
											variant-item
											js-variant-item
											 variant-one
											;685;5020;True;False;False;False;False;
a;
											variant-item
											js-variant-item
											 variant-one
											;685;5057;True;False;False;False;False;
a;
											variant-item
											js-variant-item
											 active-item variant-one
											;685;5094;True;False;False;False;False;
a;depositories-button js-depositories;627;5171;True;False;False;False;False;obejrzyj w sklepie
a;call-button js-call;772;5170;True;False;False;False;False;zadzwoń i zamów
span;tab-price;1151;4705;False;True;False;True;True;od  1 522 zł
div;price-normal selenium-price-normal;1033;4829;False;True;False;True;True;1 599 zł
div;price-old;1101;4884;False;True;False;True;True;1 719 zł
strong;;1166;4904;False;False;False;True;False;tydziencud175
span;price-instalments-label;1072;4951;False;False;False;False;True;raty:
a;price-instalments selenium-price-instalments js-scroll-by-hash;1125;4951;True;True;True;True;True;34,38 zł x 50 rat 0%
a;;1033;5056;True;False;False;False;False;darmowy transport
a;shop-delivery-action js-shop-delivery;1033;5081;True;False;False;False;False;do odbioru: już jutro!
span;;1055;5107;False;False;False;False;False;do domu:
button;add-to-cart add-to-cart-big btn-type-add_to_cart js-add-to-cart selenium-add_to_cart-button;1033;5134;False;False;False;False;False;do koszyka
a;js-save-keyword selenium-lp-product-link;409;5236;True;False;False;True;False;sony kdl-40we660
em;;498;5267;False;False;False;True;False;(125 opinii)
a;;571;5269;True;False;False;False;False;telewizor led
a;product-brand;646;5269;True;False;False;False;False;sony
a;energy-card js-energy-card;786;5299;True;False;False;False;False;karta produktu
a;js-dictionary;679;5402;True;False;False;False;False;ekran
span;attribute-value;715;5402;False;False;False;True;False;40 cali, full hd, 1920 x 1080
a;js-dictionary;679;5422;True;False;False;False;False;smart tv
span;attribute-value;732;5422;False;False;False;False;False;tak
a;js-dictionary;679;5442;True;False;False;False;False;częstotliwość odświeżania ekranu
span;attribute-value;863;5442;False;False;False;True;False;50 hz
span;attribute-name;679;5462;False;False;False;False;False;funkcje
a;fancydict;726;5462;True;False;False;False;False;hdr
a;fancydict;757;5462;True;False;False;False;False;smart
a;fancydict;794;5462;True;False;False;False;False;wi-fi
a;fancydict;829;5462;True;False;False;False;False;usb - multimedia
a;fancydict;679;5462;True;False;False;False;False;usb - nagrywanie
a;fancydict;745;5477;True;False;False;True;False;hdmi x2
a;fancydict;798;5477;True;False;False;True;False;usb x2
div;name;695;5519;False;False;False;False;False;ekran:
div;value;740;5519;False;False;False;True;False;40 cali
a;
											variant-item
											js-variant-item
											 variant-one
											;685;5553;True;False;False;False;False;
a;
											variant-item
											js-variant-item
											 active-item variant-one
											;685;5590;True;False;False;False;False;
a;
											variant-item
											js-variant-item
											 variant-one
											;685;5627;True;False;False;False;False;
a;depositories-button js-depositories;627;5613;True;False;False;False;False;obejrzyj w sklepie
a;call-button js-call;772;5612;True;False;False;False;False;zadzwoń i zamów
div;price-normal selenium-price-normal;1033;5324;False;True;False;True;True;1 799 zł
span;price-instalments-label;1072;5394;False;False;False;False;True;raty:
a;price-instalments selenium-price-instalments js-scroll-by-hash;1125;5394;True;True;True;True;True;35,98 zł x 50 rat 0%
a;;1033;5499;True;False;False;False;False;darmowy transport
a;shop-delivery-action js-shop-delivery;1033;5524;True;False;False;False;False;do odbioru: już jutro!
span;;1055;5550;False;False;False;False;False;do domu:
button;add-to-cart add-to-cart-big btn-type-add_to_cart js-add-to-cart selenium-add_to_cart-button;1033;5577;False;False;False;False;False;do koszyka
a;js-save-keyword selenium-lp-product-link;409;5668;True;False;False;True;False;samsung qled qe43q60rat
em;;498;5699;False;False;False;True;False;(12 opinii)
a;;564;5701;True;False;False;False;False;telewizor qled
a;product-brand;649;5701;True;False;False;False;False;samsung
a;energy-card js-energy-card;786;5731;True;False;False;False;False;karta produktu
a;js-dictionary;679;5834;True;False;False;False;False;ekran
span;attribute-value;715;5834;False;False;False;True;False;43 cale, 4k uhd, 3840 x 2160
a;js-dictionary;679;5854;True;False;False;False;False;smart tv
span;attribute-value;732;5854;False;False;False;False;False;tak
span;attribute-name;679;5874;False;False;False;False;False;funkcje
a;fancydict;726;5874;True;False;False;False;False;hdr
a;fancydict;757;5874;True;False;False;False;False;smart
a;fancydict;794;5874;True;False;False;False;False;wi-fi
a;fancydict;829;5874;True;False;False;False;False;dlna
a;fancydict;867;5874;True;False;False;False;False;usb - multimedia
a;fancydict;679;5874;True;False;False;False;False;usb - nagrywanie
a;fancydict;745;5889;True;False;False;False;False;bluetooth
a;fancydict;805;5889;True;False;False;False;False;obsługa głosowa
a;fancydict;898;5889;True;False;False;True;False;hdmi x4
a;fancydict;951;5889;True;False;False;True;False;usb x2
div;name;695;5931;False;False;False;False;False;ekran:
div;value;740;5931;False;False;False;True;False;43 cale
a;
											variant-item
											js-variant-item
											 active-item variant-one
											;685;5965;True;False;False;False;False;
a;
											variant-item
											js-variant-item
											 variant-one
											;685;6002;True;False;False;False;False;
a;
											variant-item
											js-variant-item
											 variant-one
											;685;6039;True;False;False;False;False;
a;depositories-button js-depositories;627;5968;True;False;False;False;False;obejrzyj w sklepie
a;call-button js-call;772;5967;True;False;False;False;False;zadzwoń i zamów
div;price-normal selenium-price-normal;1033;5659;False;True;False;True;True;3 199 zł
span;price-instalments-label;1072;5729;False;False;False;False;True;raty:
a;price-instalments selenium-price-instalments js-scroll-by-hash;1125;5729;True;True;True;True;True;63,98 zł x 50 rat 0%
a;;1033;5834;True;False;False;False;False;darmowy transport
a;shop-delivery-action js-shop-delivery;1033;5859;True;False;False;False;False;do odbioru: już jutro!
span;;1055;5885;False;False;False;False;False;do domu:
button;add-to-cart add-to-cart-big btn-type-add_to_cart js-add-to-cart selenium-add_to_cart-button;1033;5913;False;False;False;False;False;do koszyka
a;js-save-keyword selenium-lp-product-link;409;6023;True;False;False;True;False;samsung qled qe49q67rat
em;;498;6054;False;False;False;True;False;(19 opinii)
a;;564;6056;True;False;False;False;False;telewizor qled
a;product-brand;649;6056;True;False;False;False;False;samsung
a;energy-card js-energy-card;786;6086;True;False;False;False;False;karta produktu
a;js-dictionary;679;6189;True;False;False;False;False;ekran
span;attribute-value;715;6189;False;False;False;True;False;49 cali, 4k uhd, 3840 x 2160
a;js-dictionary;679;6209;True;False;False;False;False;smart tv
span;attribute-value;732;6209;False;False;False;False;False;tak
span;attribute-name;679;6229;False;False;False;False;False;funkcje
a;fancydict;726;6229;True;False;False;False;False;hdr
a;fancydict;757;6229;True;False;False;False;False;smart
a;fancydict;794;6229;True;False;False;False;False;wi-fi
a;fancydict;829;6229;True;False;False;False;False;dlna
a;fancydict;867;6229;True;False;False;False;False;usb - multimedia
a;fancydict;679;6229;True;False;False;False;False;usb - nagrywanie
a;fancydict;745;6244;True;False;False;False;False;bluetooth
a;fancydict;805;6244;True;False;False;False;False;obsługa głosowa
a;fancydict;898;6244;True;False;False;True;False;hdmi x4
a;fancydict;951;6244;True;False;False;True;False;usb x2
div;name;695;6286;False;False;False;False;False;ekran:
div;value;740;6286;False;False;False;True;False;49 cali
a;
											variant-item
											js-variant-item
											 active-item variant-one
											;685;6320;True;False;False;False;False;
a;
											variant-item
											js-variant-item
											 variant-one
											;685;6357;True;False;False;False;False;
a;
											variant-item
											js-variant-item
											 variant-one
											;685;6394;True;False;False;False;False;
a;depositories-button js-depositories;627;6340;True;False;False;False;False;obejrzyj w sklepie
a;call-button js-call;772;6339;True;False;False;False;False;zadzwoń i zamów
span;tab-price;1166;6025;False;True;False;True;True;- 2 916 zł
div;price-normal selenium-price-normal;1033;6051;False;True;False;True;True;3 599 zł
span;price-instalments-label;1072;6121;False;False;False;False;True;raty:
a;price-instalments selenium-price-instalments js-scroll-by-hash;1125;6121;True;True;True;True;True;71,98 zł x 50 rat 0%
a;;1033;6226;True;False;False;False;False;darmowy transport
a;shop-delivery-action js-shop-delivery;1033;6251;True;False;False;False;False;do odbioru: już jutro!
span;;1055;6277;False;False;False;False;False;do domu:
button;add-to-cart add-to-cart-big btn-type-add_to_cart js-add-to-cart selenium-add_to_cart-button;1033;6304;False;False;False;False;False;do koszyka
a;js-save-keyword selenium-lp-product-link;409;6395;True;False;False;True;False;samsung ue55ru7472u
em;;498;6426;False;False;False;True;False;(3 opinie)
a;;560;6428;True;False;False;False;False;telewizor led
a;product-brand;635;6428;True;False;False;False;False;samsung
a;energy-card js-energy-card;786;6458;True;False;False;False;False;karta produktu
a;js-dictionary;679;6561;True;False;False;False;False;ekran
span;attribute-value;715;6561;False;False;False;True;False;55 cali, 4k uhd, 3840 x 2160
a;js-dictionary;679;6581;True;False;False;False;False;smart tv
span;attribute-value;732;6581;False;False;False;False;False;tak
a;js-dictionary;679;6601;True;False;False;False;False;częstotliwość odświeżania ekranu
span;attribute-value;863;6601;False;False;False;True;False;50 hz
span;attribute-name;679;6621;False;False;False;False;False;funkcje
a;fancydict;726;6621;True;False;False;False;False;hdr
a;fancydict;757;6621;True;False;False;False;False;smart
a;fancydict;794;6621;True;False;False;False;False;wi-fi
a;fancydict;829;6621;True;False;False;False;False;dlna
a;fancydict;867;6621;True;False;False;False;False;usb - multimedia
a;fancydict;679;6636;True;False;False;False;False;bluetooth
a;fancydict;739;6636;True;False;False;False;False;obsługa głosowa
a;fancydict;832;6636;True;False;False;True;False;hdmi x3
a;fancydict;885;6636;True;False;False;True;False;usb x2
div;name;695;6678;False;False;False;False;False;ekran:
div;value;740;6678;False;False;False;True;False;55 cali
a;
											variant-item
											js-variant-item
											 variant-one
											;685;6712;True;False;False;False;False;
a;
											variant-item
											js-variant-item
											 variant-one
											;685;6749;True;False;False;False;False;
a;
											variant-item
											js-variant-item
											 active-item variant-one
											;685;6786;True;False;False;False;False;
a;
											variant-item
											js-variant-item
											 variant-one
											;685;6823;True;False;False;False;False;
a;depositories-button js-depositories;627;6715;True;False;False;False;False;obejrzyj w sklepie
a;call-button js-call;772;6714;True;False;False;False;False;zadzwoń i zamów
div;price-normal selenium-price-normal;1033;6386;False;True;False;True;True;3 099 zł
span;price-instalments-label;1072;6456;False;False;False;False;True;raty:
a;price-instalments selenium-price-instalments js-scroll-by-hash;1125;6456;True;True;True;True;True;61,98 zł x 50 rat 0%
a;;1033;6561;True;False;False;False;False;darmowy transport
a;shop-delivery-action js-shop-delivery;1033;6586;True;False;False;False;False;do odbioru: już jutro!
span;;1055;6612;False;False;False;False;False;do domu:
button;add-to-cart add-to-cart-big btn-type-add_to_cart js-add-to-cart selenium-add_to_cart-button;1033;6640;False;False;False;False;False;do koszyka
a;js-save-keyword selenium-lp-product-link;409;6770;True;False;False;True;False;samsung ue43ru7102k
em;;498;6801;False;False;False;True;False;(21 opinii)
a;;564;6803;True;False;False;False;False;telewizor led
a;product-brand;639;6803;True;False;False;False;False;samsung
a;energy-card js-energy-card;786;6833;True;False;False;False;False;karta produktu
a;js-dictionary;679;6936;True;False;False;False;False;ekran
span;attribute-value;715;6936;False;False;False;True;False;43 cale, 4k uhd, 3840 x 2160
a;js-dictionary;679;6956;True;False;False;False;False;smart tv
span;attribute-value;732;6956;False;False;False;False;False;tak
a;js-dictionary;679;6976;True;False;False;False;False;częstotliwość odświeżania ekranu
span;attribute-value;863;6976;False;False;False;True;False;50 hz
span;attribute-name;679;6996;False;False;False;False;False;funkcje
a;fancydict;726;6996;True;False;False;False;False;hdr
a;fancydict;757;6996;True;False;False;False;False;smart
a;fancydict;794;6996;True;False;False;False;False;wi-fi
a;fancydict;829;6996;True;False;False;False;False;dlna
a;fancydict;867;6996;True;False;False;False;False;usb - multimedia
a;fancydict;679;7011;True;False;False;False;False;bluetooth
a;fancydict;739;7011;True;False;False;True;False;hdmi x3
a;fancydict;792;7011;True;False;False;True;False;usb x2
div;name;695;7053;False;False;False;False;False;ekran:
div;value;740;7053;False;False;False;True;False;43 cale
a;
											variant-item
											js-variant-item
											 active-item variant-one
											;685;7087;True;False;False;False;False;
a;
											variant-item
											js-variant-item
											 variant-one
											;685;7124;True;False;False;False;False;
a;
											variant-item
											js-variant-item
											 variant-one
											;685;7161;True;False;False;False;False;
a;
											variant-item
											js-variant-item
											 variant-one
											;685;7198;True;False;False;False;False;
a;
											variant-item
											js-variant-item
											 variant-one
											;685;7235;True;False;False;False;False;
a;
											variant-item
											js-variant-item
											 variant-one
											;685;7272;True;False;False;False;False;
a;depositories-button js-depositories;627;7090;True;False;False;False;False;obejrzyj w sklepie
a;call-button js-call;772;7089;True;False;False;False;False;zadzwoń i zamów
div;price-normal selenium-price-normal;1033;6761;False;True;False;True;True;1 799 zł
span;price-instalments-label;1072;6831;False;False;False;False;True;raty:
a;price-instalments selenium-price-instalments js-scroll-by-hash;1125;6831;True;True;True;True;True;59,97 zł x 30 rat 0%
a;;1033;6936;True;False;False;False;False;darmowy transport
a;shop-delivery-action js-shop-delivery;1033;6961;True;False;False;False;False;do odbioru: już jutro!
span;;1055;6987;False;False;False;False;False;do domu:
button;add-to-cart add-to-cart-big btn-type-add_to_cart js-add-to-cart selenium-add_to_cart-button;1033;7015;False;False;False;False;False;do koszyka
a;js-save-keyword selenium-lp-product-link;409;7145;True;False;False;True;False;samsung ue43ru7472u
em;;498;7176;False;False;False;True;False;(50 opinii)
a;;564;7178;True;False;False;False;False;telewizor led
a;product-brand;639;7178;True;False;False;False;False;samsung
a;energy-card js-energy-card;786;7208;True;False;False;False;False;karta produktu
a;js-dictionary;679;7311;True;False;False;False;False;ekran
span;attribute-value;715;7311;False;False;False;True;False;43 cale, 4k uhd, 3840 x 2160
a;js-dictionary;679;7331;True;False;False;False;False;smart tv
span;attribute-value;732;7331;False;False;False;False;False;tak
a;js-dictionary;679;7351;True;False;False;False;False;częstotliwość odświeżania ekranu
span;attribute-value;863;7351;False;False;False;True;False;50 hz
span;attribute-name;679;7371;False;False;False;False;False;funkcje
a;fancydict;726;7371;True;False;False;False;False;hdr
a;fancydict;757;7371;True;False;False;False;False;smart
a;fancydict;794;7371;True;False;False;False;False;wi-fi
a;fancydict;829;7371;True;False;False;False;False;dlna
a;fancydict;867;7371;True;False;False;False;False;usb - multimedia
a;fancydict;679;7386;True;False;False;False;False;bluetooth
a;fancydict;739;7386;True;False;False;False;False;obsługa głosowa
a;fancydict;832;7386;True;False;False;True;False;hdmi x3
a;fancydict;885;7386;True;False;False;True;False;usb x2
div;name;695;7428;False;False;False;False;False;ekran:
div;value;740;7428;False;False;False;True;False;43 cale
a;
											variant-item
											js-variant-item
											 active-item variant-one
											;685;7462;True;False;False;False;False;
a;
											variant-item
											js-variant-item
											 variant-one
											;685;7499;True;False;False;False;False;
a;
											variant-item
											js-variant-item
											 variant-one
											;685;7536;True;False;False;False;False;
a;
											variant-item
											js-variant-item
											 variant-one
											;685;7573;True;False;False;False;False;
a;depositories-button js-depositories;627;7465;True;False;False;False;False;obejrzyj w sklepie
a;call-button js-call;772;7464;True;False;False;False;False;zadzwoń i zamów
span;tab-price;1166;7147;False;True;False;True;True;- 2 223 zł
div;price-normal selenium-price-normal;1033;7173;False;True;False;True;True;2 339 zł
span;price-instalments-label;1072;7243;False;False;False;False;True;raty:
a;price-instalments selenium-price-instalments js-scroll-by-hash;1125;7243;True;True;True;True;True;46,78 zł x 50 rat 0%
a;;1033;7348;True;False;False;False;False;darmowy transport
a;shop-delivery-action js-shop-delivery;1033;7373;True;False;False;False;False;do odbioru: już jutro!
span;;1055;7399;False;False;False;False;False;do domu:
button;add-to-cart add-to-cart-big btn-type-add_to_cart js-add-to-cart selenium-add_to_cart-button;1033;7426;False;False;False;False;False;do koszyka
a;js-save-keyword selenium-lp-product-link;409;7520;True;False;False;True;False;samsung ue55ru7102k
em;;498;7551;False;False;False;True;False;(1 opinia)
a;;560;7553;True;False;False;False;False;telewizor led
a;product-brand;635;7553;True;False;False;False;False;samsung
a;energy-card js-energy-card;786;7583;True;False;False;False;False;karta produktu
a;js-dictionary;679;7686;True;False;False;False;False;ekran
span;attribute-value;715;7686;False;False;False;True;False;55 cali, 4k uhd, 3840 x 2160
a;js-dictionary;679;7706;True;False;False;False;False;smart tv
span;attribute-value;732;7706;False;False;False;False;False;tak
a;js-dictionary;679;7726;True;False;False;False;False;częstotliwość odświeżania ekranu
span;attribute-value;863;7726;False;False;False;True;False;50 hz
span;attribute-name;679;7746;False;False;False;False;False;funkcje
a;fancydict;726;7746;True;False;False;False;False;hdr
a;fancydict;757;7746;True;False;False;False;False;smart
a;fancydict;794;7746;True;False;False;False;False;wi-fi
a;fancydict;829;7746;True;False;False;False;False;dlna
a;fancydict;867;7746;True;False;False;False;False;usb - multimedia
a;fancydict;679;7761;True;False;False;False;False;bluetooth
a;fancydict;739;7761;True;False;False;True;False;hdmi x3
a;fancydict;792;7761;True;False;False;True;False;usb x2
div;name;695;7803;False;False;False;False;False;ekran:
div;value;740;7803;False;False;False;True;False;55 cali
a;
											variant-item
											js-variant-item
											 variant-one
											;685;7837;True;False;False;False;False;
a;
											variant-item
											js-variant-item
											 variant-one
											;685;7874;True;False;False;False;False;
a;
											variant-item
											js-variant-item
											 active-item variant-one
											;685;7911;True;False;False;False;False;
a;
											variant-item
											js-variant-item
											 variant-one
											;685;7948;True;False;False;False;False;
a;
											variant-item
											js-variant-item
											 variant-one
											;685;7985;True;False;False;False;False;
a;
											variant-item
											js-variant-item
											 variant-one
											;685;8022;True;False;False;False;False;
a;depositories-button js-depositories;627;7840;True;False;False;False;False;obejrzyj w sklepie
a;call-button js-call;772;7839;True;False;False;False;False;zadzwoń i zamów
span;tab-price;1166;7522;False;True;False;True;True;- 2 250 zł
div;price-normal selenium-price-normal;1033;7548;False;True;False;True;True;2 499 zł
span;price-instalments-label;1072;7618;False;False;False;False;True;raty:
a;price-instalments selenium-price-instalments js-scroll-by-hash;1125;7618;True;True;True;True;True;62,47 zł x 40 rat 0%
a;;1033;7723;True;False;False;False;False;darmowy transport
a;shop-delivery-action js-shop-delivery;1033;7748;True;False;False;False;False;do odbioru: już jutro!
span;;1055;7774;False;False;False;False;False;do domu:
button;add-to-cart add-to-cart-big btn-type-add_to_cart js-add-to-cart selenium-add_to_cart-button;1033;7801;False;False;False;False;False;do koszyka
a;js-save-keyword selenium-lp-product-link;409;7895;True;False;False;True;False;lg oled65c8pla
em;;498;7926;False;False;False;True;False;(35 opinii)
a;;564;7928;True;False;False;False;False;telewizor oled
a;product-brand;649;7928;True;False;False;False;False;lg
a;energy-card js-energy-card;786;7958;True;False;False;False;False;karta produktu
a;js-dictionary;679;8061;True;False;False;False;False;ekran
span;attribute-value;715;8061;False;False;False;True;False;65 cali, 4k uhd, 3840 x 2160
a;js-dictionary;679;8081;True;False;False;False;False;smart tv
span;attribute-value;732;8081;False;False;False;False;False;tak
a;js-dictionary;679;8101;True;False;False;False;False;częstotliwość odświeżania ekranu
span;attribute-value;863;8101;False;False;False;True;False;100 hz
span;attribute-name;679;8121;False;False;False;False;False;funkcje
a;fancydict;726;8121;True;False;False;False;False;hdr
a;fancydict;757;8121;True;False;False;False;False;smart
a;fancydict;794;8121;True;False;False;False;False;wi-fi
a;fancydict;829;8121;True;False;False;False;False;dlna
a;fancydict;867;8121;True;False;False;False;False;usb - multimedia
a;fancydict;679;8121;True;False;False;False;False;usb - nagrywanie
a;fancydict;745;8136;True;False;False;False;False;timeshift
a;fancydict;801;8136;True;False;False;False;False;bluetooth
a;fancydict;861;8136;True;False;False;False;False;obsługa głosowa
a;fancydict;679;8136;True;False;False;True;False;hdmi x4
a;fancydict;697;8151;True;False;False;True;False;usb x3
div;name;695;8193;False;False;False;False;False;ekran:
div;value;740;8193;False;False;False;True;False;65 cali
a;
											variant-item
											js-variant-item
											 variant-one
											;685;8227;True;False;False;False;False;
a;
											variant-item
											js-variant-item
											 active-item variant-one
											;685;8264;True;False;False;False;False;
a;
											variant-item
											js-variant-item
											 variant-one
											;685;8301;True;False;False;False;False;
a;depositories-button js-depositories;627;8230;True;False;False;False;False;obejrzyj w sklepie
a;call-button js-call;772;8229;True;False;False;False;False;zadzwoń i zamów
div;price-normal selenium-price-normal;1033;7886;False;True;False;True;True;8 799 zł
span;price-instalments-label;1064;7956;False;False;False;False;True;raty:
a;price-instalments selenium-price-instalments js-scroll-by-hash;1117;7956;True;True;True;True;True;175,98 zł x 50 rat 0%
a;;1033;8061;True;False;False;False;False;darmowy transport
a;shop-delivery-action js-shop-delivery;1033;8086;True;False;False;False;False;do odbioru: już jutro!
span;;1055;8112;False;False;False;False;False;do domu:
button;add-to-cart add-to-cart-big btn-type-add_to_cart js-add-to-cart selenium-add_to_cart-button;1033;8140;False;False;False;False;False;do koszyka
a;js-save-keyword selenium-lp-product-link;409;8285;True;False;False;True;False;philips 55oled803/12
em;;498;8316;False;False;False;True;False;(73 opinie)
a;;567;8318;True;False;False;False;False;telewizor oled
a;product-brand;652;8318;True;False;False;False;False;philips
a;energy-card js-energy-card;786;8348;True;False;False;False;False;karta produktu
a;js-dictionary;679;8451;True;False;False;False;False;ekran
span;attribute-value;715;8451;False;False;False;True;False;55 cali, 4k uhd, 3840 x 2160
a;js-dictionary;679;8471;True;False;False;False;False;smart tv
span;attribute-value;732;8471;False;False;False;False;False;tak
a;js-dictionary;679;8491;True;False;False;False;False;częstotliwość odświeżania ekranu
span;attribute-value;863;8491;False;False;False;True;False;100 hz
span;attribute-name;679;8511;False;False;False;False;False;funkcje
a;fancydict;726;8511;True;False;False;False;False;hdr
a;fancydict;757;8511;True;False;False;False;False;android tv
a;fancydict;824;8511;True;False;False;False;False;smart
a;fancydict;861;8511;True;False;False;False;False;wi-fi
a;fancydict;896;8511;True;False;False;False;False;dlna
a;fancydict;679;8511;True;False;False;False;False;usb - multimedia
a;fancydict;744;8526;True;False;False;False;False;usb - nagrywanie
a;fancydict;841;8526;True;False;False;False;False;bluetooth
a;fancydict;901;8526;True;False;False;False;False;obsługa głosowa
a;fancydict;679;8541;True;False;False;False;False;ambilight
a;fancydict;737;8541;True;False;False;True;False;hdmi x4
a;fancydict;790;8541;True;False;False;True;False;usb x2
div;name;695;8583;False;False;False;False;False;ekran:
div;value;740;8583;False;False;False;True;False;55 cali
a;
											variant-item
											js-variant-item
											 active-item variant-one
											;685;8617;True;False;False;False;False;
a;
											variant-item
											js-variant-item
											 variant-one
											;685;8654;True;False;False;False;False;
a;depositories-button js-depositories;627;8620;True;False;False;False;False;obejrzyj w sklepie
a;call-button js-call;772;8619;True;False;False;False;False;zadzwoń i zamów
div;price-normal selenium-price-normal;1033;8276;False;True;False;True;True;5 999 zł
span;price-instalments-label;1064;8346;False;False;False;False;True;raty:
a;price-instalments selenium-price-instalments js-scroll-by-hash;1117;8346;True;True;True;True;True;119,98 zł x 50 rat 0%
a;;1033;8451;True;False;False;False;False;wejdź do sklepu philips!
a;;1033;8471;True;False;False;False;False;darmowy transport
a;shop-delivery-action js-shop-delivery;1033;8496;True;False;False;False;False;do odbioru: już jutro!
span;;1055;8522;False;False;False;False;False;do domu:
button;add-to-cart add-to-cart-big btn-type-add_to_cart js-add-to-cart selenium-add_to_cart-button;1033;8550;False;False;False;False;False;do koszyka
a;js-save-keyword selenium-lp-product-link;409;8675;True;False;False;True;False;philips 50pus7334/12
em;;498;8706;False;False;False;True;False;(3 opinie)
a;;560;8708;True;False;False;False;False;telewizor led
a;product-brand;635;8708;True;False;False;False;False;philips
span;product-status nowosc;393;8738;False;False;False;False;False;nowość
a;energy-card js-energy-card;786;8738;True;False;False;False;False;karta produktu
a;js-dictionary;679;8841;True;False;False;False;False;ekran
span;attribute-value;715;8841;False;False;False;True;False;50 cali, 4k uhd, 3840 x 2160
a;js-dictionary;679;8861;True;False;False;False;False;smart tv
span;attribute-value;732;8861;False;False;False;False;False;tak
a;js-dictionary;679;8881;True;False;False;False;False;częstotliwość odświeżania ekranu
span;attribute-value;863;8881;False;False;False;True;False;50 hz
span;attribute-name;679;8901;False;False;False;False;False;funkcje
a;fancydict;726;8901;True;False;False;False;False;hdr
a;fancydict;757;8901;True;False;False;False;False;android tv
a;fancydict;824;8901;True;False;False;False;False;smart
a;fancydict;861;8901;True;False;False;False;False;wi-fi
a;fancydict;896;8901;True;False;False;False;False;usb - multimedia
a;fancydict;679;8916;True;False;False;False;False;usb - nagrywanie
a;fancydict;776;8916;True;False;False;False;False;bluetooth
a;fancydict;836;8916;True;False;False;False;False;obsługa głosowa
a;fancydict;929;8916;True;False;False;False;False;ambilight
a;fancydict;679;8931;True;False;False;True;False;hdmi x4
a;fancydict;732;8931;True;False;False;True;False;usb x2
div;name;695;8973;False;False;False;False;False;ekran:
div;value;740;8973;False;False;False;True;False;50 cali
a;
											variant-item
											js-variant-item
											 variant-one
											;685;9007;True;False;False;False;False;
a;
											variant-item
											js-variant-item
											 active-item variant-one
											;685;9044;True;False;False;False;False;
a;
											variant-item
											js-variant-item
											 variant-one
											;685;9081;True;False;False;False;False;
a;depositories-button js-depositories;627;9010;True;False;False;False;False;obejrzyj w sklepie
a;call-button js-call;772;9009;True;False;False;False;False;zadzwoń i zamów
div;price-normal selenium-price-normal;1033;8666;False;True;False;True;True;2 899 zł
span;price-instalments-label;1072;8736;False;False;False;False;True;raty:
a;price-instalments selenium-price-instalments js-scroll-by-hash;1125;8736;True;True;True;True;True;57,98 zł x 50 rat 0%
a;;1033;8841;True;False;False;False;False;wejdź do sklepu philips!
a;;1033;8861;True;False;False;False;False;darmowy transport
a;shop-delivery-action js-shop-delivery;1033;8886;True;False;False;False;False;do odbioru: już jutro!
span;;1055;8912;False;False;False;False;False;do domu:
button;add-to-cart add-to-cart-big btn-type-add_to_cart js-add-to-cart selenium-add_to_cart-button;1033;8940;False;False;False;False;False;do koszyka
a;js-save-keyword selenium-lp-product-link;409;9065;True;False;False;True;False;samsung ue50ru7102k
em;;498;9096;False;False;False;True;False;(17 opinii)
a;;564;9098;True;False;False;False;False;telewizor led
a;product-brand;639;9098;True;False;False;False;False;samsung
a;energy-card js-energy-card;786;9128;True;False;False;False;False;karta produktu
a;js-dictionary;679;9231;True;False;False;False;False;ekran
span;attribute-value;715;9231;False;False;False;True;False;50 cali, 4k uhd, 3840 x 2160
a;js-dictionary;679;9251;True;False;False;False;False;smart tv
span;attribute-value;732;9251;False;False;False;False;False;tak
a;js-dictionary;679;9271;True;False;False;False;False;częstotliwość odświeżania ekranu
span;attribute-value;863;9271;False;False;False;True;False;50 hz
span;attribute-name;679;9291;False;False;False;False;False;funkcje
a;fancydict;726;9291;True;False;False;False;False;hdr
a;fancydict;757;9291;True;False;False;False;False;smart
a;fancydict;794;9291;True;False;False;False;False;wi-fi
a;fancydict;829;9291;True;False;False;False;False;dlna
a;fancydict;867;9291;True;False;False;False;False;usb - multimedia
a;fancydict;679;9306;True;False;False;False;False;bluetooth
a;fancydict;739;9306;True;False;False;True;False;hdmi x3
a;fancydict;792;9306;True;False;False;True;False;usb x2
div;name;695;9348;False;False;False;False;False;ekran:
div;value;740;9348;False;False;False;True;False;50 cali
a;
											variant-item
											js-variant-item
											 variant-one
											;685;9382;True;False;False;False;False;
a;
											variant-item
											js-variant-item
											 active-item variant-one
											;685;9419;True;False;False;False;False;
a;
											variant-item
											js-variant-item
											 variant-one
											;685;9456;True;False;False;False;False;
a;
											variant-item
											js-variant-item
											 variant-one
											;685;9493;True;False;False;False;False;
a;
											variant-item
											js-variant-item
											 variant-one
											;685;9530;True;False;False;False;False;
a;
											variant-item
											js-variant-item
											 variant-one
											;685;9567;True;False;False;False;False;
a;depositories-button js-depositories;627;9385;True;False;False;False;False;obejrzyj w sklepie
a;call-button js-call;772;9384;True;False;False;False;False;zadzwoń i zamów
div;price-normal selenium-price-normal;1033;9056;False;True;False;True;True;2 199 zł
span;price-instalments-label;1072;9126;False;False;False;False;True;raty:
a;price-instalments selenium-price-instalments js-scroll-by-hash;1125;9126;True;True;True;True;True;54,97 zł x 40 rat 0%
a;;1033;9231;True;False;False;False;False;darmowy transport
a;shop-delivery-action js-shop-delivery;1033;9256;True;False;False;False;False;do odbioru: już jutro!
span;;1055;9282;False;False;False;False;False;do domu:
button;add-to-cart add-to-cart-big btn-type-add_to_cart js-add-to-cart selenium-add_to_cart-button;1033;9310;False;False;False;False;False;do koszyka
a;js-save-keyword selenium-lp-product-link;409;9440;True;False;False;True;False;panasonic tx-55fx780e
em;;498;9471;False;False;False;True;False;(19 opinii)
a;;564;9473;True;False;False;False;False;telewizor led
a;product-brand;639;9473;True;False;False;False;False;panasonic
a;energy-card js-energy-card;786;9503;True;False;False;False;False;karta produktu
a;js-dictionary;679;9606;True;False;False;False;False;ekran
span;attribute-value;715;9606;False;False;False;True;False;55 cali, 4k uhd, 3840 x 2160
a;js-dictionary;679;9626;True;False;False;False;False;smart tv
span;attribute-value;732;9626;False;False;False;False;False;tak
a;js-dictionary;679;9646;True;False;False;False;False;częstotliwość odświeżania ekranu
span;attribute-value;863;9646;False;False;False;True;False;100 hz
span;attribute-name;679;9666;False;False;False;False;False;funkcje
a;fancydict;726;9666;True;False;False;False;False;hdr
a;fancydict;757;9666;True;False;False;False;False;smart
a;fancydict;794;9666;True;False;False;False;False;wi-fi
a;fancydict;829;9666;True;False;False;False;False;dlna
a;fancydict;867;9666;True;False;False;False;False;usb - multimedia
a;fancydict;679;9666;True;False;False;False;False;usb - nagrywanie
a;fancydict;745;9681;True;False;False;False;False;bluetooth
a;fancydict;805;9681;True;False;False;True;False;pip - 2 tunery
a;fancydict;881;9681;True;False;False;False;False;obsługa głosowa
a;fancydict;679;9696;True;False;False;True;False;hdmi x4
a;fancydict;732;9696;True;False;False;True;False;usb x3
div;name;695;9738;False;False;False;False;False;ekran:
div;value;740;9738;False;False;False;True;False;55 cali
a;
											variant-item
											js-variant-item
											 variant-one
											;685;9772;True;False;False;False;False;
a;
											variant-item
											js-variant-item
											 active-item variant-one
											;685;9809;True;False;False;False;False;
a;
											variant-item
											js-variant-item
											 variant-unavailable variant-one
											;685;9846;True;False;False;False;False;
a;
											variant-item
											js-variant-item
											 variant-one
											;685;9883;True;False;False;False;False;
a;depositories-button js-depositories;627;9908;True;False;False;False;False;obejrzyj w sklepie
a;call-button js-call;772;9906;True;False;False;False;False;zadzwoń i zamów
span;tab-price;1166;9442;False;True;False;True;True;- 3 420 zł
div;price-normal selenium-price-normal;1033;9566;False;True;False;True;True;3 499 zł
div;price-old;1101;9621;False;True;False;True;True;3 799 zł
strong;;1166;9641;False;False;False;True;False;tydziencud180
span;price-instalments-label;1072;9688;False;False;False;False;True;raty:
a;price-instalments selenium-price-instalments js-scroll-by-hash;1125;9688;True;True;True;True;True;75,98 zł x 50 rat 0%
a;;1033;9793;True;False;False;False;False;darmowy transport
a;shop-delivery-action js-shop-delivery;1033;9818;True;False;False;False;False;do odbioru: już jutro!
span;;1055;9844;False;False;False;False;False;do domu:
button;add-to-cart add-to-cart-big btn-type-add_to_cart js-add-to-cart selenium-add_to_cart-button;1033;9871;False;False;False;False;False;do koszyka
a;js-save-keyword selenium-lp-product-link;409;9962;True;False;False;True;False;lg 32lk510b
em;;498;9994;False;False;False;True;False;(24 opinie)
a;;567;9996;True;False;False;False;False;telewizor led
a;product-brand;642;9996;True;False;False;False;False;lg
a;energy-card js-energy-card;786;10026;True;False;False;False;False;karta produktu
a;js-dictionary;679;10128;True;False;False;False;False;ekran
span;attribute-value;715;10128;False;False;False;True;False;32 cale, hd ready, 1366 x 768
a;js-dictionary;679;10148;True;False;False;False;False;częstotliwość odświeżania ekranu
span;attribute-value;863;10148;False;False;False;True;False;50 hz
span;attribute-name;679;10168;False;False;False;False;False;funkcje
a;fancydict;726;10168;True;False;False;False;False;usb - multimedia
a;fancydict;822;10168;True;False;False;False;False;usb - nagrywanie
a;fancydict;919;10168;True;False;False;True;False;hdmi x2
a;fancydict;679;10168;True;False;False;True;False;usb x1
a;depositories-button js-depositories;627;10260;True;False;False;False;False;obejrzyj w sklepie
a;call-button js-call;772;10260;True;False;False;False;False;zadzwoń i zamów
div;price-normal selenium-price-normal;1033;9954;False;True;False;True;True;799 zł
span;price-instalments-label;1072;10024;False;False;False;False;True;raty:
a;price-instalments selenium-price-instalments js-scroll-by-hash;1125;10024;True;True;True;True;True;15,98 zł x 50 rat 0%
a;;1033;10128;True;False;False;False;False;darmowy transport
a;shop-delivery-action js-shop-delivery;1033;10154;True;False;False;False;False;do odbioru: już jutro!
span;;1055;10180;False;False;False;False;False;do domu:
button;add-to-cart add-to-cart-big btn-type-add_to_cart js-add-to-cart selenium-add_to_cart-button;1033;10207;False;False;False;False;False;do koszyka
a;js-save-keyword selenium-lp-product-link;409;10316;True;False;False;True;False;sony kd-55xf7096
em;;498;10346;False;False;False;True;False;(32 opinie)
a;;567;10348;True;False;False;False;False;telewizor led
a;product-brand;642;10348;True;False;False;False;False;sony
a;energy-card js-energy-card;786;10378;True;False;False;False;False;karta produktu
a;js-dictionary;679;10482;True;False;False;False;False;ekran
span;attribute-value;715;10482;False;False;False;True;False;55 cali, 4k uhd, 3840 x 2160
a;js-dictionary;679;10502;True;False;False;False;False;smart tv
span;attribute-value;732;10502;False;False;False;False;False;tak
a;js-dictionary;679;10522;True;False;False;False;False;częstotliwość odświeżania ekranu
span;attribute-value;863;10522;False;False;False;True;False;50 hz
span;attribute-name;679;10542;False;False;False;False;False;funkcje
a;fancydict;726;10542;True;False;False;False;False;hdr
a;fancydict;757;10542;True;False;False;False;False;smart
a;fancydict;794;10542;True;False;False;False;False;wi-fi
a;fancydict;829;10542;True;False;False;False;False;usb - multimedia
a;fancydict;679;10542;True;False;False;False;False;usb - nagrywanie
a;fancydict;745;10556;True;False;False;True;False;hdmi x3
a;fancydict;798;10556;True;False;False;True;False;usb x3
a;depositories-button js-depositories;627;10633;True;False;False;False;False;obejrzyj w sklepie
a;call-button js-call;772;10632;True;False;False;False;False;zadzwoń i zamów
span;tab-price;1151;10317;False;True;False;True;True;od  1 812 zł
div;price-normal selenium-price-normal;1033;10343;False;True;False;True;True;2 499 zł
span;price-instalments-label;1072;10413;False;False;False;False;True;raty:
a;price-instalments selenium-price-instalments js-scroll-by-hash;1125;10413;True;True;True;True;True;49,98 zł x 50 rat 0%
a;;1033;10518;True;False;False;False;False;darmowy transport
a;shop-delivery-action js-shop-delivery;1033;10543;True;False;False;False;False;do odbioru: już jutro!
span;;1055;10569;False;False;False;False;False;do domu:
button;add-to-cart add-to-cart-big btn-type-add_to_cart js-add-to-cart selenium-add_to_cart-button;1033;10597;False;False;False;False;False;do koszyka
a;js-save-keyword selenium-lp-product-link;409;10688;True;False;False;True;False;lg oled55b8slc
em;;498;10719;False;False;False;True;False;(3 opinie)
a;;560;10721;True;False;False;False;False;telewizor oled
a;product-brand;645;10721;True;False;False;False;False;lg
a;energy-card js-energy-card;786;10751;True;False;False;False;False;karta produktu
a;js-dictionary;679;10854;True;False;False;False;False;ekran
span;attribute-value;715;10854;False;False;False;True;False;55 cali, 4k uhd, 3840 x 2160
a;js-dictionary;679;10874;True;False;False;False;False;smart tv
span;attribute-value;732;10874;False;False;False;False;False;tak
a;js-dictionary;679;10894;True;False;False;False;False;częstotliwość odświeżania ekranu
span;attribute-value;863;10894;False;False;False;True;False;100 hz
span;attribute-name;679;10914;False;False;False;False;False;funkcje
a;fancydict;726;10914;True;False;False;False;False;hdr
a;fancydict;757;10914;True;False;False;False;False;smart
a;fancydict;794;10914;True;False;False;False;False;wi-fi
a;fancydict;829;10914;True;False;False;False;False;dlna
a;fancydict;867;10914;True;False;False;False;False;usb - multimedia
a;fancydict;679;10914;True;False;False;False;False;usb - nagrywanie
a;fancydict;745;10929;True;False;False;False;False;timeshift
a;fancydict;801;10929;True;False;False;False;False;bluetooth
a;fancydict;861;10929;True;False;False;False;False;obsługa głosowa
a;fancydict;679;10929;True;False;False;True;False;hdmi x4
a;fancydict;697;10944;True;False;False;True;False;usb x3
a;depositories-button js-depositories;627;10986;True;False;False;False;False;obejrzyj w sklepie
a;call-button js-call;772;10985;True;False;False;False;False;zadzwoń i zamów
div;price-normal selenium-price-normal;1033;10679;False;True;False;True;True;4 999 zł
span;price-instalments-label;1072;10749;False;False;False;False;True;raty:
a;price-instalments selenium-price-instalments js-scroll-by-hash;1125;10749;True;True;True;True;True;99,98 zł x 50 rat 0%
a;;1033;10854;True;False;False;False;False;darmowy transport
a;shop-delivery-action js-shop-delivery;1033;10879;True;False;False;False;False;do odbioru: już jutro!
span;;1055;10905;False;False;False;False;False;do domu:
button;add-to-cart add-to-cart-big btn-type-add_to_cart js-add-to-cart selenium-add_to_cart-button;1033;10932;False;False;False;False;False;do koszyka
a;js-save-keyword selenium-lp-product-link;409;11041;True;False;False;True;False;philips 32pht4503/12
em;;498;11072;False;False;False;True;False;(67 opinii)
a;;564;11074;True;False;False;False;False;telewizor led
a;product-brand;639;11074;True;False;False;False;False;philips
a;energy-card js-energy-card;786;11104;True;False;False;False;False;karta produktu
a;js-dictionary;679;11149;True;False;False;False;False;ekran
span;attribute-value;715;11149;False;False;False;True;False;32 cale, hd ready, 1366 x 768
a;js-dictionary;679;11169;True;False;False;False;False;częstotliwość odświeżania ekranu
span;attribute-value;863;11169;False;False;False;True;False;50 hz
span;attribute-name;679;11189;False;False;False;False;False;funkcje
a;fancydict;726;11189;True;False;False;False;False;usb - multimedia
a;fancydict;822;11189;True;False;False;False;False;usb - nagrywanie
a;fancydict;919;11189;True;False;False;True;False;hdmi x2
a;fancydict;679;11189;True;False;False;True;False;usb x1
a;depositories-button js-depositories;627;11378;True;False;False;False;False;obejrzyj w sklepie
a;call-button js-call;772;11377;True;False;False;False;False;zadzwoń i zamów
span;tab-price;1156;11043;False;True;False;True;True;od  720 zł
div;price-normal selenium-price-normal;1033;11069;False;True;False;True;True;799 zł
span;price-instalments-label;1072;11139;False;False;False;False;True;raty:
a;price-instalments selenium-price-instalments js-scroll-by-hash;1125;11139;True;True;True;True;True;15,98 zł x 50 rat 0%
a;;1033;11244;True;False;False;False;False;wejdź do sklepu philips!
a;;1033;11264;True;False;False;False;False;darmowy transport
a;shop-delivery-action js-shop-delivery;1033;11289;True;False;False;False;False;do odbioru: już jutro!
span;;1055;11315;False;False;False;False;False;do domu:
button;add-to-cart add-to-cart-big btn-type-add_to_cart js-add-to-cart selenium-add_to_cart-button;1033;11342;False;False;False;False;False;do koszyka
span;paging-active paging-number;630;11449;False;False;False;True;False;1
a;paging-number;670;11449;True;False;False;True;False;2
a;paging-number;710;11449;True;False;False;True;False;3
a;paging-number;750;11449;True;False;False;True;False;4
a;paging-number;790;11449;True;False;False;True;False;5
span;paging-dots;830;11449;False;False;False;False;False;...
a;paging-number;872;11449;True;False;False;True;False;16
a;paging-next selenium-wc-paging-next-button;912;11449;True;False;False;False;False;następna
em;;495;11765;False;False;False;True;False;(109 opinii)
div;price-normal selenium-price-normal;406;11787;False;True;False;True;True;5 299 zł
a;;406;11814;True;False;False;True;False;samsung qled qe65q67rat
a;;406;11844;True;False;False;False;False;"witam wszystko co mogę to że kozak !!!"
span;product-opinion-date;406;11960;False;False;False;True;False;9 godzin temu
em;;712;11765;False;False;False;True;False;(104 opinie)
div;price-normal selenium-price-normal;624;11787;False;True;False;True;True;3 999 zł
a;;624;11814;True;False;False;True;False;samsung qled qe55q67rat
a;;624;11844;True;False;False;False;False;"telewizor posiada dużo zalet pilotem od telewizora możemy sterować wieloma podłączonymi elementami 
span;product-opinion-date;624;11960;False;False;False;True;False;1 dzień temu
em;;930;11765;False;False;False;True;False;(41 opinii)
div;price-normal selenium-price-normal;841;11787;False;True;False;True;True;2 599 zł
a;;841;11814;True;False;False;True;False;samsung ue50ru7472u
a;;841;11844;True;False;False;False;False;"spełnia moje oczekiwania, ładnie wygląda, prosty w użytkowaniu."
span;product-opinion-date;841;11960;False;False;False;True;False;1 dzień temu
em;;1148;11765;False;False;False;True;False;(31 opinii)
div;price-normal selenium-price-normal;1058;11787;False;True;False;True;True;1 499 zł
a;;1058;11814;True;False;False;True;False;samsung ue40nu7112k
a;;1058;11844;True;False;False;False;False;"fajny telewizor w niewielkiej cenie"
span;product-opinion-date;1058;11960;False;False;False;True;False;5 godzin temu
a;see-all-recommended-product-button;393;11998;True;False;False;False;False;zobacz wszystkie rekomendowane produkty
h2;;393;12056;False;False;False;False;False;znajdź swój wymarzony telewizor
b;;393;12081;False;False;False;False;False;w sklepach rtv euro agd zostały zgromadzone rozmaite modele telewizorów. jeśli szukasz najwyższej ja
h3;;393;12121;False;False;False;False;False;telewizory dla każdego
b;;508;12146;False;False;False;False;False;telewizorów
b;;1028;12161;False;False;False;False;False;telewizor
h3;;393;12201;False;False;False;False;False;telewizor lcd, led czy plazmowy?
b;;532;12226;False;False;False;False;False;telewizorów
b;;1037;12226;False;False;False;False;False;smart tv
b;;992;12241;False;False;False;False;False;telewizor
b;;581;12271;False;False;False;False;False;telewizory led
a;more;1053;12330;True;False;False;False;False;zobacz wszystkie artykuły
a;text;498;12381;True;False;False;False;False;chcesz kupić telewizor, ale nie wiesz, na jakie parametry zwrócić uwagę? sprawdź nasz poradnik, aby 
a;read-more;498;12432;True;False;False;False;False;czytaj dalej
a;text;933;12381;True;False;False;True;False;potrzebujesz niewielkiego telewizora o świetnej jakości obrazu? podpowiadamy, czym kierować się przy
a;read-more;933;12432;True;False;False;False;False;czytaj dalej
a;text;498;12494;True;False;False;True;False;jesteś kinomanem, ale ulubione filmy wolisz oglądać w zaciszu własnego domu? telewizor 50 cali pozwo
a;read-more;498;12579;True;False;False;False;False;czytaj dalej
a;text;933;12494;True;False;False;True;False;aby wybrać odpowiedni telewizor 40 cali, warto znać najważniejsze parametry tego sprzętu. w artykule
a;read-more;933;12545;True;False;False;False;False;czytaj dalej
a;text;498;12641;True;True;False;True;False;ogromne telewizory pozwalają na urządzenie w mieszkaniu prawdziwego kina domowego. jaki telewizor po
a;read-more;498;12709;True;False;False;False;False;czytaj dalej
a;text;933;12641;True;False;False;False;False;chcesz kupić telewizor z zakrzywionym ekranem, ale nie wiesz, jaki model wybrać? sprawdź nasz poradn
a;read-more;933;12692;True;False;False;False;False;czytaj dalej
p;footer-heading;78;12783;False;False;False;False;False;zapisz się do newslettera
b;;195;12814;False;False;False;False;False;rabatowe
b;;351;12814;False;False;False;False;False;promocjach
b;;162;12834;False;False;False;False;False;nowościach
a;btn btn-third zapis-na-nl;78;12863;True;False;False;False;False;zapisz się
a;nl-see-more;337;12873;True;False;False;False;False;dowiedz się więcej
a;privacy-policy;203;12873;True;False;False;False;False;polityka prywatności
p;footer-heading;678;12783;False;False;False;False;False;znajdź sklep
b;;829;12814;False;False;False;True;False;282
b;;692;12834;False;False;False;True;False;179
a;find-shop;678;12853;True;False;False;False;False;znajdź najbliższy sklep euro
p;footer-heading;78;12971;False;False;False;False;False;skontaktuj się z nami
b;;129;13021;False;False;False;True;False;8:00 - 21:00
b;;107;13041;False;False;False;True;False;9:00 - 18:00
b;;119;13061;False;False;False;True;False;9:00 - 18:00
div;footer-phone;310;12960;False;False;False;True;False;855 855 855
p;footer-heading;678;12971;False;False;False;False;False;napisz do nas:
a;footer-contact;678;12994;True;False;False;False;False;sklep.internetowy@euro.com.pl
p;footer-heading;678;13054;False;False;False;False;False;dołącz do nas:
span;icon-footer icon-facebook;678;13089;False;False;False;False;False;facebook
span;icon-footer icon-instagram;765;13089;False;False;False;False;False;instagram
span;icon-footer icon-youtube;853;13089;False;False;False;False;False;youtube
span;icon-footer icon-twitter;935;13089;False;False;False;False;False;twitter
span;icon-footer icon-sign;1007;13089;False;False;False;False;False;język migowy
p;footer-heading;78;13197;False;False;False;False;False;kontakt dla firm i instytucji
a;btn btn-third;78;13307;True;False;False;False;False;dowiedz się więcej
p;footer-heading;678;13197;False;False;False;False;False;karta podarunkowa euro
b;;678;13227;False;False;False;False;False;podaruj uśmiech w prezencie.
a;btn btn-third;678;13307;True;False;False;False;False;klient biznesowy
a;btn btn-third;829;13307;True;False;False;False;False;klient indywidualny
b;;78;13378;False;False;False;False;False;centrum informacji
a;;78;13401;True;False;False;False;False;dostawa
a;;78;13423;True;False;False;False;False;raty
a;;78;13445;True;False;False;False;False;leasing
a;;78;13467;True;False;False;False;False;tax free
a;;78;13489;True;False;False;False;False;zużyty sprzęt
b;;318;13378;False;False;False;False;False;pomoc
a;;318;13401;True;False;False;False;False;najczęstsze pytania
a;;318;13423;True;False;False;False;False;poradniki
a;;318;13445;True;False;False;False;False;reklamacje
a;;318;13467;True;False;False;False;False;zwroty
b;;558;13378;False;False;False;False;False;moje konto
a;;558;13401;True;False;False;False;False;zakupy bieżące
a;;558;13423;True;False;False;False;False;historia zakupów
a;;558;13445;True;False;False;False;False;rejestracja paragonu
a;;558;13467;True;False;False;False;False;opinie, pytania i odpowiedzi
b;;798;13378;False;False;False;False;False;euro-net
a;;798;13401;True;False;False;False;False;o firmie
a;;798;13423;True;False;False;False;False;dołącz do nas
a;;798;13445;True;False;False;False;False;program partnerski
a;;798;13467;True;False;False;False;False;znajdź sklep
b;;1038;13378;False;False;False;False;False;regulaminy
a;;1038;13401;True;False;False;False;False;bezpieczeństwo
a;;1038;13423;True;False;False;False;False;polityka prywatności
a;;1038;13445;True;False;False;False;False;regulamin
div;;198;13568;False;False;False;True;False;rtv euro agd 2019 wszystkie prawa zastrzeżone, powielanie informacji zawartych na tej stronie zabron
div;;198;13585;False;False;False;True;False;właściciel serwisu: euro-net sp. z o.o., ul. muszkieterów 15, 02-273 warszawa
a;;1252;693;True;False;False;False;False;do góry
